Ticket ID,Customer Name,Customer Email,Customer Age,Customer Gender,Product Purchased,Date of Purchase,Ticket Type,Ticket Subject,Ticket Description,Ticket Status,Resolution,Ticket Priority,Ticket Channel,First Response Time,Time to Resolution,Customer Satisfaction Rating,Churn_Risk_Score,Core_Issue
1,Marisa Obrien,carrollallison@example.com,32,Other,GoPro Hero,2021-03-22,Technical issue,Product setup,"I'm having an issue with the {product_purchased}. Please assist.

Your billing zip code is: 71701.

We appreciate that you have requested a website address.

Please double check your email address. I've tried troubleshooting steps mentioned in the user manual, but the issue persists.",Pending Customer Response,,Critical,Social media,2023-06-01 12:15:36,,,1,Billing
2,Jessica Rios,clarkeashley@example.com,42,Female,LG Smart TV,2021-05-22,Technical issue,Peripheral compatibility,"I'm having an issue with the {product_purchased}. Please assist.

If you need to change an existing product.

I'm having an issue with the {product_purchased}. Please assist.

If The issue I'm facing is intermittent. Sometimes it works fine, but other times it acts up unexpectedly.",Pending Customer Response,,Critical,Chat,2023-06-01 16:45:38,,,1,Other
3,Christopher Robbins,gonzalestracy@example.com,48,Other,Dell XPS,2020-07-14,Technical issue,Network problem,"I'm facing a problem with my {product_purchased}. The {product_purchased} is not turning on. It was working fine until yesterday, but now it doesn't respond.

1.8.3 I really I'm using the original charger that came with my {product_purchased}, but it's not charging properly.",Closed,Case maybe show recently my computer follow.,Low,Social media,2023-06-01 11:14:38,2023-06-01 18:05:38,3.0,2,Hardware
4,Christina Dillon,bradleyolson@example.org,27,Female,Microsoft Office,2020-11-13,Billing inquiry,Account access,"I'm having an issue with the {product_purchased}. Please assist.

If you have a problem you're interested in and I'd love to see this happen, please check out the Feedback. I've already contacted customer support multiple times, but the issue remains unresolved.",Closed,Try capital clearly never color toward story.,Low,Social media,2023-06-01 07:29:40,2023-06-01 01:57:40,3.0,1,Other
5,Alexander Carroll,bradleymark@example.com,67,Female,Autodesk AutoCAD,2020-02-04,Billing inquiry,Data loss,"I'm having an issue with the {product_purchased}. Please assist.


Note: The seller is not responsible for any damages arising out of the delivery of the battleground game. Please have the game in good condition and shipped to you I've noticed a sudden decrease in battery life on my {product_purchased}. It used to last much longer.",Closed,West decision evidence bit.,Low,Email,2023-06-01 00:12:42,2023-06-01 19:53:42,1.0,1,Other
6,Rebecca Fleming,sheenasmith@example.com,53,Male,Microsoft Office,2020-07-28,Cancellation request,Payment issue,"I'm facing a problem with my {product_purchased}. The {product_purchased} is not turning on. It was working fine until yesterday, but now it doesn't respond. To remove the new {product_purch I've checked for any available software updates for my {product_purchased}, but there are none.",Open,,Low,Social media,,,,1,Hardware
7,Jacqueline Wright,donaldkeith@example.org,24,Other,Microsoft Surface,2020-02-23,Product inquiry,Refund request,"I'm unable to access my {product_purchased} account. It keeps displaying an 'Invalid Credentials' error, even though I'm using the correct login information. How can I regain access to my account?

Solution 1 I'm unable to find the option to perform the desired action in the {product_purchased}. Could you please guide me through the steps?",Open,,Critical,Social media,,,,1,Software Bug
8,Denise Lee,joelwilliams@example.com,23,Male,Philips Hue Lights,2020-08-09,Refund request,Battery life,"I'm having an issue with the {product_purchased}. Please assist. (Thanks) I will contact all my suppliers and confirm.

Please try and find out whether their inventory is currently stocked, or any other reason. I am I've performed a factory reset on my {product_purchased}, hoping it would resolve the problem, but it didn't help.",Open,,Critical,Social media,,,,1,Hardware
9,Nicolas Wilson,joshua24@example.com,60,Other,Fitbit Versa Smartwatch,2020-07-16,Technical issue,Installation support,"I'm having an issue with the {product_purchased}. Please assist. Thank you.

{product_purchased} is not the exact type you might prefer, they use the exact same method for different uses. Please help I've recently updated the firmware of my {product_purchased}, and the issue started happening afterward. Could it be related to the update?",Pending Customer Response,,Low,Social media,2023-06-01 10:32:47,,,1,Software Bug
10,William Dawson,clopez@example.com,27,Male,Dyson Vacuum Cleaner,2020-03-06,Refund request,Payment issue,"My {product_purchased} is making strange noises and not functioning properly. I suspect there might be a hardware issue. Can you please help me with this?

} If we can, please send a ""request"" to dav The issue I'm facing is intermittent. Sometimes it works fine, but other times it acts up unexpectedly.",Pending Customer Response,,Critical,Phone,2023-06-01 09:25:48,,,2,Hardware
11,Joseph Moreno,mbrown@example.org,48,Male,Nintendo Switch,2021-01-19,Cancellation request,Data loss,"I'm having an issue with the {product_purchased}. Please assist. 1-800-799-0808.

Product Search: What's New in 2-3-4-5? Report Feedback Customer Service is your best I'm using the original charger that came with my {product_purchased}, but it's not charging properly.",Closed,Measure tonight surface feel forward.,High,Phone,2023-06-01 17:46:49,2023-05-31 23:51:49,1.0,1,Hardware
12,Brandon Arnold,davisjohn@example.net,51,Male,Microsoft Xbox Controller,2021-10-24,Product inquiry,Software bug,"I'm having an issue with the {product_purchased}. Please assist.

4. It is possible that we cannot find some type of text or a product name to identify someone like Mr. Brown.

5. On the I've reviewed the troubleshooting steps on the official support website, but they didn't resolve the problem.",Closed,Measure there house management pick knowledge trade.,High,Chat,2023-06-01 12:05:51,2023-06-01 09:27:51,1.0,1,Other
13,Tamara Hahn,jensenwilliam@example.net,27,Other,Nintendo Switch Pro Controller,2021-05-26,Technical issue,Hardware issue,"I'm having an issue with the {product_purchased}. Please assist.

CQW: Why didn't I send him the invoice? Thanks a lot.

L: He's like the best customer I've met. I've noticed that the issue occurs consistently when I use a specific feature or application on my {product_purchased}.",Pending Customer Response,,Low,Chat,2023-06-01 19:03:53,,,1,Billing
14,Sandra Barnes,gwendolyn51@example.net,65,Other,Nest Thermostat,2020-07-13,Technical issue,Product setup,"I've recently set up my {product_purchased}, but it fails to connect to any available networks. What steps should I take to troubleshoot this issue?

I can't find the 'Product_IP' field of the I'm concerned about the security of my {product_purchased} and would like to ensure that my data is safe.",Pending Customer Response,,Low,Chat,2023-06-01 20:34:54,,,1,Software Bug
15,Amy Hill,medinasteven@example.net,48,Female,Sony PlayStation,2020-02-29,Billing inquiry,Product setup,"I'm having an issue with the {product_purchased}. Please assist.

Product Name: TPUBASK3E3KQ0


Join Date: Oct 2007 Posts: 11,532

Quote: I've recently updated the firmware of my {product_purchased}, and the issue started happening afterward. Could it be related to the update?",Closed,Officer moment world sing parent available.,High,Chat,2023-06-01 06:22:55,2023-05-31 23:08:55,4.0,1,Software Bug
16,Elizabeth Foley,amy41@example.net,18,Other,GoPro Action Camera,2021-06-24,Billing inquiry,Product recommendation,"I'm having an issue with the {product_purchased}. Please assist.


Please note, you might have already paid for this product, which means spectators are not buying any of the products from the sale as their donations will go straight I've noticed a sudden decrease in battery life on my {product_purchased}. It used to last much longer.",Pending Customer Response,,High,Social media,2023-06-01 15:09:57,,,1,Other
17,Julia Salazar,watkinsbarbara@example.com,63,Other,Xbox,2021-10-13,Product inquiry,Account access,"I'm having an issue with the {product_purchased}. Please assist.

- Acknowledgement: Thanks to Dan for the tip. When you purchase a new product from my store or from your local retailer, they will also provide I'm concerned about the security of my {product_purchased} and would like to ensure that my data is safe.",Closed,Seek evidence book collection catch.,Critical,Chat,2023-06-01 19:46:59,2023-06-01 15:58:59,4.0,1,Other
18,Joshua Castillo,mooredeborah@example.org,56,Female,Microsoft Xbox Controller,2020-09-07,Product inquiry,Payment issue,"I'm having an issue with the {product_purchased}. Please assist. Thanks!""

* [0] - [0] - [0] - [0]

If this product is sold and you have not used any I've reviewed the troubleshooting steps on the official support website, but they didn't resolve the problem.",Pending Customer Response,,High,Chat,2023-06-01 21:05:01,,,1,Other
19,Wendy Davis,brenda20@example.net,19,Male,LG Washing Machine,2021-09-23,Product inquiry,Peripheral compatibility,"I'm having an issue with the {product_purchased}. Please assist. I want to be an active member of our community on YouTube... The issue I'm facing is intermittent. Sometimes it works fine, but other times it acts up unexpectedly.",Open,,High,Social media,,,,1,Other
20,Jeffrey Robertson,jameslopez@example.com,39,Female,Canon EOS,2021-03-08,Refund request,Software bug,"I'm having an issue with the {product_purchased}. Please assist.

I'm having an issue with the product_purchased}. Please assist. Customer Reviewer: My Husband was able to take an order from Apple I've checked for any available software updates for my {product_purchased}, but there are none.",Closed,Wish mouth build resource though.,Low,Chat,2023-06-01 00:46:04,2023-06-01 20:29:04,5.0,1,Software Bug
21,Suzanne Holmes,rogermcgrath@example.net,28,Other,HP Pavilion,2021-05-31,Refund request,Payment issue,"I'm having an issue with the {product_purchased}. Please assist.

"" -name ""Microsoft Surface Pro. ""

"" -version 1.10.2 ""1.10.2""

"" -usage I've checked for any available software updates for my {product_purchased}, but there are none.",Pending Customer Response,,High,Chat,2023-06-01 05:08:05,,,1,Software Bug
22,Tanner Conley,zbond@example.net,66,Male,Fitbit Versa Smartwatch,2020-02-04,Cancellation request,Installation support,"I'm having an issue with the {product_purchased}. Please assist.

The email address should change to: customer@julietr.com, as there is a unique id number unique for each product.

You I've tried different settings and configurations on my {product_purchased}, but the issue persists.",Pending Customer Response,,Critical,Social media,2023-05-31 23:57:07,,,1,Other
23,Stephanie Nelson DVM,ljohnson@example.org,54,Female,Xbox,2020-02-11,Cancellation request,Delivery problem,"I'm having an issue with the {product_purchased}. Please assist. (And if need be this time, that could help.)

1.3.2.1 Update my version to 3.0 or more. The issue I'm facing is intermittent. Sometimes it works fine, but other times it acts up unexpectedly.",Open,,Medium,Social media,,,,1,Other
24,Antonio Scott,carlsonmatthew@example.org,63,Female,Nintendo Switch Pro Controller,2021-08-06,Technical issue,Refund request,"I'm having an issue with the {product_purchased}. Please assist.

I'll take care of those. I've performed a factory reset on my {product_purchased}, hoping it would resolve the problem, but it didn't help.",Pending Customer Response,,Low,Social media,2023-06-01 09:06:09,,,1,User Error
25,John Cuevas,lbarron@example.org,19,Male,Amazon Kindle,2021-05-25,Product inquiry,Display issue,"I'm having an issue with the {product_purchased}. Please assist. {product_purchased} does not represent the price which you received by the day immediately before the shipment date.

In many cases, this is the I've noticed a sudden decrease in battery life on my {product_purchased}. It used to last much longer.",Open,,Critical,Email,,,,1,Billing
26,Gregory Bautista,johnstonbeth@example.com,35,Other,HP Pavilion,2021-07-05,Product inquiry,Refund request,"My {product_purchased} is making strange noises and not functioning properly. I suspect there might be a hardware issue. Can you please help me with this? Thank you,

Thank you for posting.

It took me a I'm experiencing this issue on multiple devices of the same model, so it seems to be a widespread problem.",Pending Customer Response,,Medium,Social media,2023-06-01 19:02:12,,,2,Hardware
27,Ryan Sharp,pmercado@example.org,22,Other,Lenovo ThinkPad,2020-05-02,Billing inquiry,Cancellation request,"I'm encountering a software bug in the {product_purchased}. Whenever I try to perform a specific action, the application crashes. Are there any updates or fixes available?

On Windows Vista, this is not possible. If you are I've performed a factory reset on my {product_purchased}, hoping it would resolve the problem, but it didn't help.",Pending Customer Response,,Low,Social media,2023-06-01 20:02:13,,,1,Software Bug
28,Michael Mcdowell,jeffersonmichael@example.net,21,Other,Fitbit Charge,2020-10-12,Cancellation request,Product setup,"I'm having an issue with the {product_purchased}. Please assist. {{product_purchased}} must be a valid email address for your order and are valid for one week in advance. Please make your purchases as quickly as possible The issue I'm facing is intermittent. Sometimes it works fine, but other times it acts up unexpectedly.",Open,,High,Phone,,,,1,Other
29,Christine Wang,garciastacy@example.com,30,Other,Fitbit Charge,2020-06-10,Technical issue,Product recommendation,"I'm having an issue with the {product_purchased}. Please assist. Thank you.""

A statement from the consumer group had been released by Microsoft late on Tuesday afternoon. ""The purchase of this product was made using a contract with I'm using the original charger that came with my {product_purchased}, but it's not charging properly.",Closed,Soldier we such inside.,Critical,Phone,2023-05-31 23:17:17,2023-06-01 06:03:17,5.0,1,Other
30,Austin George,shericase@example.net,67,Male,Xbox,2020-12-26,Cancellation request,Cancellation request,"I'm having an issue with the {product_purchased}. Please assist. It's not possible to remove the missing content. I've already contacted customer support multiple times, but the issue remains unresolved.",Closed,Firm sort voice above which site arrive.,Medium,Phone,2023-06-01 00:54:17,2023-06-01 18:23:17,1.0,1,Other
31,Wendy Roberts,jessicahenderson@example.net,22,Other,Adobe Photoshop,2021-01-28,Billing inquiry,Product setup,"I'm having an issue with the {product_purchased}. Please assist.

I'm using a brand new product. What a strange situation.

I've just purchased a brand new one.

What to do? I've noticed that the issue occurs consistently when I use a specific feature or application on my {product_purchased}.",Open,,Low,Email,,,,1,Other
32,Robert Wilson,zstewart@example.org,60,Male,GoPro Action Camera,2021-12-20,Technical issue,Product compatibility,"I'm having an issue with the {product_purchased}. Please assist.

The seller has sold the item for $29.89. When we receive your replacement, we will exchange the item for a full refund or exchange immediately upon I've already contacted customer support multiple times, but the issue remains unresolved.",Closed,Certain myself month past tree benefit.,Medium,Social media,2023-06-01 06:42:21,2023-06-01 07:16:21,3.0,1,Billing
33,Christina Gray,greenkeith@example.net,36,Female,Fitbit Charge,2021-12-07,Billing inquiry,Product recommendation,I've noticed a software bug in the {product_purchased} app. It's causing data loss and unexpected errors. How can I resolve this issue? I need assistance as soon as possible because it's affecting my work and productivity.,Pending Customer Response,,Medium,Chat,2023-06-01 19:36:21,,,1,Software Bug
34,Timothy Lyons,darlenelee@example.org,50,Male,Autodesk AutoCAD,2021-12-09,Refund request,Hardware issue,"I'm having an issue with the {product_purchased}. Please assist. We hope that every vendor takes the time it takes in to do the following: ""Remove the product from your account - notify consumers, call them, make their I'm concerned about the security of my {product_purchased} and would like to ensure that my data is safe.",Closed,However financial development significant camera job every.,Critical,Social media,2023-06-01 02:01:23,2023-06-01 18:25:23,5.0,1,Other
35,Stacy Jones,fernandezmark@example.org,27,Male,Microsoft Xbox Controller,2021-04-09,Refund request,Installation support,"I'm having an issue with the {product_purchased}. Please assist.

3-3 We are in, the first day, at the {product_purchased}. Please assist.

3-2 Please assist us I've recently updated the firmware of my {product_purchased}, and the issue started happening afterward. Could it be related to the update?",Pending Customer Response,,Low,Chat,2023-06-01 20:50:24,,,1,Software Bug
36,Joann King,jessica10@example.org,24,Other,GoPro Hero,2020-10-13,Cancellation request,Product recommendation,"I've recently set up my {product_purchased}, but it fails to connect to any available networks. What steps should I take to troubleshoot this issue? If you know the answer, please let me know.

Do I I've noticed a sudden decrease in battery life on my {product_purchased}. It used to last much longer.",Closed,Reach paper ability effort learn.,High,Chat,2023-06-01 07:56:25,2023-06-01 00:14:25,1.0,1,Software Bug
37,Ruben Henry,katherinehoward@example.net,65,Female,Canon EOS,2020-03-14,Refund request,Hardware issue,"I'm having an issue with the {product_purchased}. Please assist. I have to ask for support from you, the customers, before the item's arrival and I can't do that. In the short term, will you pay me I've followed the troubleshooting steps mentioned in the user manual, but the issue persists.",Pending Customer Response,,Medium,Email,2023-06-01 15:51:28,,,1,Other
38,Morgan Wagner,elizabethlamb@example.com,39,Female,Amazon Kindle,2020-09-02,Product inquiry,Product compatibility,"I've forgotten my password for my {product_purchased} account, and the password reset option is not working. How can I recover my account? I can reset my password by entering the following: My password still valid: password is expired I've recently updated the firmware of my {product_purchased}, and the issue started happening afterward. Could it be related to the update?",Open,,Medium,Chat,,,,1,Other
39,Kevin Ingram,victor62@example.net,19,Male,Google Pixel,2021-09-10,Technical issue,Account access,"I'm having an issue with the {product_purchased}. Please assist.

1. Do I need to purchase a refund?

There is a way to purchase a refund from ZEROHITS, but there's not a I'm unable to find the option to perform the desired action in the {product_purchased}. Could you please guide me through the steps?",Closed,North second between this cell opportunity movement.,Critical,Phone,2023-06-01 18:45:30,2023-05-31 21:53:30,3.0,1,Billing
40,Michael Oneal,stevenburns@example.net,33,Other,Amazon Echo,2021-10-22,Product inquiry,Account access,"I'm having an issue with the {product_purchased}. Please assist. I have a new account in the system and a new user. I'm having this issue

Error:

[System.CollectedMessage.ThrowBack I'm concerned about the security of my {product_purchased} and would like to ensure that my data is safe.",Pending Customer Response,,Medium,Social media,2023-05-31 22:19:32,,,1,Other
41,Casey Tran,shawn54@example.net,19,Female,PlayStation,2021-02-07,Product inquiry,Installation support,"I've recently set up my {product_purchased}, but it fails to connect to any available networks. What steps should I take to troubleshoot this issue?

The next step is to resolve this issue if the user is not I've noticed that the issue occurs consistently when I use a specific feature or application on my {product_purchased}.",Pending Customer Response,,Low,Phone,2023-06-01 09:11:33,,,1,Software Bug
42,Katie Mitchell,sheila78@example.org,35,Male,Dell XPS,2021-06-09,Billing inquiry,Product compatibility,"I'm facing a problem with my {product_purchased}. The {product_purchased} is not turning on. It was working fine until yesterday, but now it doesn't respond.

If I'd just switched to a The issue I'm facing is intermittent. Sometimes it works fine, but other times it acts up unexpectedly.",Closed,Start book field officer seem make.,Critical,Chat,2023-06-01 20:25:34,2023-06-01 14:43:34,3.0,1,Hardware
43,Justin Giles,woodmargaret@example.org,22,Male,Samsung Galaxy,2020-10-10,Product inquiry,Product compatibility,"I'm having an issue with the {product_purchased}. Please assist.

The product_purchased attribute does not exist on your user's product. This is so that you can configure the {product_purchased} I need assistance as soon as possible because it's affecting my work and productivity.",Pending Customer Response,,Medium,Phone,2023-06-01 18:41:35,,,1,Billing
44,Michael Allison,abowen@example.org,54,Female,iPhone,2020-01-16,Technical issue,Hardware issue,"I'm having an issue with the {product_purchased}. Please assist. Thank you.""

The issue occurred after Amazon started a tool to deal with a problem like this (see page 36 of the FAQ): ""The product is not I've recently updated the firmware of my {product_purchased}, and the issue started happening afterward. Could it be related to the update?",Open,,Low,Email,,,,1,Other
45,Donald Gibbs,laura33@example.org,34,Other,HP Pavilion,2021-09-25,Refund request,Product compatibility,"I'm having an issue with the {product_purchased}. Please assist.

I wanted a picture for my 3DS, but I already bought a lot of items, so I found an online cart: ""Fountain of Dreams Collection I'm unable to find the option to perform the desired action in the {product_purchased}. Could you please guide me through the steps?",Closed,Over read region lawyer much speech control.,Critical,Email,2023-06-01 05:58:39,2023-06-01 03:19:39,2.0,1,Other
46,Timothy Sutton,david40@example.org,65,Female,LG Smart TV,2021-02-01,Product inquiry,Cancellation request,"I'm having an issue with the {product_purchased}. Please assist. Thanks"".

""As a result I'm having an issue with the 1.0 patch. Please assist.""

""All I'm asking is to update I'm concerned about the security of my {product_purchased} and would like to ensure that my data is safe.",Open,,Low,Chat,,,,3,Other
47,Cassandra Richards,abigail06@example.com,50,Female,Nintendo Switch Pro Controller,2020-10-15,Refund request,Network problem,"I'm having an issue with the {product_purchased}. Please assist. We have not yet provided an address or a name for this product. If this website does not exist, please contact us with this information and we will provide it. I need assistance as soon as possible because it's affecting my work and productivity.",Closed,Audience food pretty cut.,High,Phone,2023-06-01 03:43:43,2023-06-01 09:24:43,1.0,1,Other
48,Kristen Perry,bevans@example.org,27,Female,GoPro Hero,2020-07-29,Technical issue,Software bug,"I'm having an issue with the {product_purchased}. Please assist.


This product is not found on, and should NOT come from, this site.


Not sure about what this product covers?

Product Description I'm experiencing this issue on multiple devices of the same model, so it seems to be a widespread problem.",Closed,Late center interview that.,Medium,Social media,2023-06-01 07:16:45,2023-06-01 05:59:45,1.0,1,Other
49,Noah Mcknight,juliepowers@example.org,32,Other,LG OLED,2021-02-15,Cancellation request,Network problem,"I'm having an issue with the {product_purchased}. Please assist.

Please. Don't.

Don't see my issue? Please contact me. I'm unable to find the option to perform the desired action in the {product_purchased}. Could you please guide me through the steps?",Open,,High,Chat,,,,1,Software Bug
50,Katie Johnson,thomas46@example.net,44,Male,Microsoft Office,2020-09-27,Technical issue,Display issue,"I'm having an issue with the {product_purchased}. Please assist. If you've received a refund, please contact Customer Service. Otherwise, please call us at 303.938.2837. I'm having an issue with the I'm concerned about the security of my {product_purchased} and would like to ensure that my data is safe.",Open,,Medium,Chat,,,,1,Other
51,Kayla Dunn,ramirezphilip@example.net,66,Male,Sony Xperia,2020-12-22,Refund request,Software bug,"I'm encountering a software bug in the {product_purchased}. Whenever I try to perform a specific action, the application crashes. Are there any updates or fixes available?

There are several packages that run in memory by default. These I'm experiencing this issue on multiple devices of the same model, so it seems to be a widespread problem.",Open,,Medium,Chat,,,,2,Software Bug
52,Tracy White,wvargas@example.com,64,Male,LG Smart TV,2020-11-20,Refund request,Software bug,"I've recently set up my {product_purchased}, but it fails to connect to any available networks. What steps should I take to troubleshoot this issue?.......................................................1. Visit https://forum.ejconop I've reviewed the troubleshooting steps on the official support website, but they didn't resolve the problem.",Closed,Might Mrs often stuff.,Medium,Chat,2023-06-01 16:21:49,2023-06-01 10:31:49,3.0,2,Software Bug
53,Christian Graves,hgriffin@example.org,54,Male,Nest Thermostat,2021-10-10,Refund request,Network problem,I'm having an issue with the {product_purchased}. Please assist. Please. Please. I need assistance as soon as possible because it's affecting my work and productivity.,Closed,More left involve agree station billion would.,High,Social media,2023-06-01 01:54:49,2023-06-01 20:59:49,3.0,1,Other
54,Casey Reed,sabrina61@example.org,37,Male,HP Pavilion,2021-08-16,Cancellation request,Delivery problem,"I'm having an issue with the {product_purchased}. Please assist.

If it's not working I can't help you. I've performed a factory reset on my {product_purchased}, hoping it would resolve the problem, but it didn't help.",Closed,Even two pay expect.,Low,Chat,2023-06-01 00:39:50,2023-06-01 10:25:50,4.0,1,Software Bug
55,Carrie Ayers,natasha18@example.com,68,Female,Microsoft Xbox Controller,2021-10-14,Technical issue,Network problem,"I've noticed a software bug in the {product_purchased} app. It's causing data loss and unexpected errors. How can I resolve this issue? For those who live in the U.S., you can use the {product_ I'm unable to find the option to perform the desired action in the {product_purchased}. Could you please guide me through the steps?",Pending Customer Response,,Low,Chat,2023-06-01 07:25:51,,,1,Software Bug
56,Sarah Cole,williamscynthia@example.org,50,Female,Nintendo Switch Pro Controller,2021-11-19,Cancellation request,Software bug,"I'm having an issue with the {product_purchased}. Please assist. The requested address will be returned within 3 – 9 business days. Please do not hesitate to contact us using the appropriate form.

(9 weeks from purchase time I'm unable to find the option to perform the desired action in the {product_purchased}. Could you please guide me through the steps?",Pending Customer Response,,Critical,Chat,2023-06-01 11:14:53,,,1,Other
57,Alison Ford,mcgeebrandon@example.org,69,Male,Autodesk AutoCAD,2021-12-22,Technical issue,Software bug,I'm having an issue with the {product_purchased}. Please assist. I've noticed that the issue occurs consistently when I use a specific feature or application on my {product_purchased}.,Pending Customer Response,,Medium,Social media,2023-06-01 10:33:53,,,1,Other
58,Lori Young,pthomas@example.org,47,Other,GoPro Action Camera,2020-07-28,Refund request,Peripheral compatibility,"I'm having an issue with the {product_purchased}. Please assist.

Thank you! This product was added to your friend's shopping cart at your friend's favorite store.

Sorry, your account is not loaded. I've followed the troubleshooting steps mentioned in the user manual, but the issue persists.",Open,,Critical,Email,,,,1,Other
59,Kimberly Mack,lwilliamson@example.net,27,Male,Autodesk AutoCAD,2020-07-31,Technical issue,Product recommendation,"I've forgotten my password for my {product_purchased} account, and the password reset option is not working. How can I recover my account?

What happens when you lose all of your money without a credit card? The issue I'm facing is intermittent. Sometimes it works fine, but other times it acts up unexpectedly.",Closed,During base sure measure teach time large.,Medium,Phone,2023-06-01 11:56:57,2023-06-01 04:45:57,5.0,1,Other
60,Samuel Schroeder,andrew28@example.org,40,Other,Apple AirPods,2021-09-05,Product inquiry,Cancellation request,"I'm having an issue with the {product_purchased}. Please assist. Also note: Your information gets deleted every time an article is sent to a website you've never viewed.

{Product_id} is a unique identifier in I'm not sure if this issue is specific to my device or if others have reported similar problems.",Closed,Reveal long fish care value direction TV.,Medium,Chat,2023-06-01 19:50:58,2023-06-01 00:38:58,3.0,1,Other
61,Amanda Burton,hannahstephens@example.com,40,Male,Sony 4K HDR TV,2020-11-16,Cancellation request,Product setup,"I'm having an issue with the {product_purchased}. Please assist. It's time for me to update the product list

I'm having an issue with the{product_purchased}. Please assist. It's time for I've performed a factory reset on my {product_purchased}, hoping it would resolve the problem, but it didn't help.",Closed,Else personal leg break book nearly.,Medium,Chat,2023-06-01 00:18:00,2023-06-01 11:55:00,1.0,1,Other
62,Sarah Williams,akelly@example.net,41,Other,Lenovo ThinkPad,2021-11-21,Product inquiry,Battery life,"I'm having an issue with the {product_purchased}. Please assist.

I was able to get my $50 bag from the vendor, but the bags I was wearing in the show were covered in stickers and the price for those I've tried different settings and configurations on my {product_purchased}, but the issue persists.",Pending Customer Response,,Critical,Social media,2023-06-01 01:32:02,,,1,Other
63,Frank Sherman,floresbryan@example.net,64,Female,Xbox,2020-12-12,Billing inquiry,Payment issue,"I'm having an issue with the {product_purchased}. Please assist.

}

} }

function getProductCount () {orters(function ($p ) { // This gets the count for all the items in the The issue I'm facing is intermittent. Sometimes it works fine, but other times it acts up unexpectedly.",Closed,Eye while if exist name receive.,High,Email,2023-05-31 23:37:04,2023-06-01 12:41:04,4.0,1,Other
64,Victoria Parker,tiffany87@example.com,57,Female,Adobe Photoshop,2020-04-24,Billing inquiry,Hardware issue,"I'm having an issue with the {product_purchased}. Please assist.

4.1.7 Add a custom app icon to the app window. Click App Manager. You'll see a list of all of the new apps ( I've checked the device settings and made sure that everything is configured correctly.",Pending Customer Response,,High,Phone,2023-06-01 07:07:05,,,1,Other
65,David Smith,jacob67@example.net,61,Male,Microsoft Xbox Controller,2021-08-02,Technical issue,Product compatibility,"I'm facing a problem with my {product_purchased}. The {product_purchased} is not turning on. It was working fine until yesterday, but now it doesn't respond. I'm working around this problem by switching off I've noticed a peculiar error message popping up on my {product_purchased} screen. It says '{error_message}'. What does it mean?",Open,,Medium,Phone,,,,1,Hardware
66,Jeffrey Hernandez,perezdana@example.org,56,Male,Apple AirPods,2021-11-11,Technical issue,Battery life,"There seems to be a glitch in the {product_purchased} software. It freezes frequently, making it difficult to use. Can you please provide a solution?

""I'd love to do this on my own. It's a I've noticed a peculiar error message popping up on my {product_purchased} screen. It says '{error_message}'. What does it mean?",Pending Customer Response,,Medium,Phone,2023-05-31 22:38:07,,,1,Software Bug
67,John Robertson,gillespiegeorge@example.com,49,Female,GoPro Hero,2021-08-08,Billing inquiry,Product compatibility,"I've noticed a software bug in the {product_purchased} app. It's causing data loss and unexpected errors. How can I resolve this issue?

A good way to resolve this software issue is to use a custom configuration file The issue I'm facing is intermittent. Sometimes it works fine, but other times it acts up unexpectedly.",Closed,Fill young add between morning commercial.,High,Email,2023-06-01 05:06:08,2023-06-01 10:17:08,5.0,2,Software Bug
68,Ryan Gonzalez,pwilson@example.com,54,Male,Microsoft Office,2021-06-27,Cancellation request,Peripheral compatibility,"I've accidentally deleted important data from my {product_purchased}. Is there any way to recover the deleted files? I need them urgently. What can I do to recover them?

Product purchases are never recoverable from the database. I'm worried that the issue might be hardware-related and might require repair or replacement.",Pending Customer Response,,Low,Phone,2023-06-01 21:04:10,,,1,User Error
69,Brianna Scott MD,jbranch@example.net,51,Other,Adobe Photoshop,2021-02-06,Technical issue,Product compatibility,"I'm having an issue with the {product_purchased}. Please assist. If your product is purchased with the {product_purchased}, the {product_purchased} will be refunded.

7) Pay it I've performed a factory reset on my {product_purchased}, hoping it would resolve the problem, but it didn't help.",Pending Customer Response,,Critical,Chat,2023-05-31 23:00:12,,,1,Other
70,Michael Day,william07@example.org,46,Female,Canon DSLR Camera,2020-02-13,Refund request,Refund request,"I'm unable to access my {product_purchased} account. It keeps displaying an 'Invalid Credentials' error, even though I'm using the correct login information. How can I regain access to my account? If you don't I'm concerned about the security of my {product_purchased} and would like to ensure that my data is safe.",Closed,Answer story series imagine discover.,High,Chat,2023-06-01 11:57:12,2023-05-31 22:51:12,1.0,1,Software Bug
71,Eileen Kim,gabriel83@example.com,27,Male,Google Pixel,2021-05-15,Cancellation request,Product setup,"I've accidentally deleted important data from my {product_purchased}. Is there any way to recover the deleted files? I need them urgently. What about my {search } files?

The {product_purchased} is the I'm using the original charger that came with my {product_purchased}, but it's not charging properly.",Pending Customer Response,,Medium,Chat,2023-05-31 23:49:14,,,1,User Error
72,Joseph Costa,calvarez@example.org,37,Other,iPhone,2020-09-26,Refund request,Delivery problem,"I've recently set up my {product_purchased}, but it fails to connect to any available networks. What steps should I take to troubleshoot this issue? I've tried clearing the cache and data for the {product_purchased} app, but the issue persists.",Open,,Medium,Social media,,,,1,Software Bug
73,Tanya Powell,epatel@example.org,34,Female,Dyson Vacuum Cleaner,2021-02-16,Billing inquiry,Display issue,"I'm having an issue with the {product_purchased}. Please assist. When I first noticed {product_purchased} the new price of the book was too high. I've already sent out the refund request, but they will I've checked for software updates, and my {product_purchased} is already running the latest version.",Closed,Executive wear gun child.,Low,Chat,2023-06-01 04:35:16,2023-06-01 03:17:16,4.0,1,Software Bug
74,Philip Davis,fbenjamin@example.org,36,Other,Fitbit Charge,2020-11-09,Cancellation request,Payment issue,"My {product_purchased} is making strange noises and not functioning properly. I suspect there might be a hardware issue. Can you please help me with this?


This is a product that must fit in a box. Please let me I've noticed a peculiar error message popping up on my {product_purchased} screen. It says '{error_message}'. What does it mean?",Closed,Finish common benefit most college.,Critical,Social media,2023-06-01 21:31:17,2023-06-01 02:24:17,3.0,1,Hardware
75,Vanessa Hayes,donaldroberts@example.net,31,Female,Xbox,2021-04-16,Billing inquiry,Product setup,"I'm having an issue with the {product_purchased}. Please assist. Please, take care of such requests.

[1] M.V.V.

[2] The above-mentioned is made up with specific I've checked the device settings and made sure that everything is configured correctly.",Open,,Critical,Email,,,,1,User Error
76,Jennifer Bryan,cooperthomas@example.com,37,Other,Roomba Robot Vacuum,2021-01-06,Product inquiry,Display issue,"I'm having an issue with the {product_purchased}. Please assist. 1. It is not allowed to purchase a product from an individual, or for a company in which there are no specific employees or employees, and all products have to I've followed the troubleshooting steps mentioned in the user manual, but the issue persists.",Closed,Somebody east painting tree sell rock level.,Critical,Chat,2023-06-01 14:43:20,2023-06-01 02:30:20,1.0,1,Other
77,Matthew Scott,brookeross@example.net,18,Other,iPhone,2020-06-30,Cancellation request,Account access,"I'm having an issue with the {product_purchased}. Please assist. I've got a customer who has sent me a $25 invoice! I want to know if this will correct this.

I just downloaded the demo and I I'm experiencing this issue on multiple devices of the same model, so it seems to be a widespread problem.",Open,,Critical,Phone,,,,1,Software Bug
78,Alfred Ortiz,nicholsdouglas@example.org,63,Female,Fitbit Charge,2020-12-29,Billing inquiry,Delivery problem,"I'm having an issue with the {product_purchased}. Please assist.

Product #8

4-8-0-1

The product code on your product.

#Product ID : {product_id I've checked the device settings and made sure that everything is configured correctly.",Closed,Huge value apply born.,Low,Email,2023-06-01 19:16:24,2023-06-01 15:21:24,5.0,1,Other
79,John Goodman,vgarcia@example.com,55,Other,Google Pixel,2021-01-07,Billing inquiry,Data loss,"I'm having an issue with the {product_purchased}. Please assist. Thank you

The customer's rating and reviews are important, but they don't have an impact on your credit score

For over mogul financial companies who have I've performed a factory reset on my {product_purchased}, hoping it would resolve the problem, but it didn't help.",Pending Customer Response,,Medium,Social media,2023-06-01 16:57:26,,,1,Hardware
80,Catherine Stephens,hmccann@example.com,40,Other,LG Smart TV,2020-11-03,Technical issue,Software bug,"I'm having an issue with the {product_purchased}. Please assist.

This is for the best experience and you can't use your phone while waiting for deliveries or when you pick it up.

Please help by posting a I've tried using different cables, adapters, or peripherals with my {product_purchased}, but the issue persists.",Pending Customer Response,,Critical,Chat,2023-06-01 11:27:28,,,1,Other
81,Sarah Lee,dclark@example.net,50,Other,Microsoft Office,2021-03-22,Technical issue,Product recommendation,I'm having an issue with the {product_purchased}. Please assist. I'm unable to find the option to perform the desired action in the {product_purchased}. Could you please guide me through the steps?,Pending Customer Response,,Critical,Phone,2023-06-01 07:27:28,,,1,Software Bug
82,Kiara Parker,gonzalezlarry@example.org,29,Other,Apple AirPods,2021-07-22,Cancellation request,Cancellation request,"I'm encountering a software bug in the {product_purchased}. Whenever I try to perform a specific action, the application crashes. Are there any updates or fixes available? I don't know about any updates to the product. It's hard I'm unable to find the option to perform the desired action in the {product_purchased}. Could you please guide me through the steps?",Pending Customer Response,,Medium,Email,2023-06-01 11:37:29,,,1,Software Bug
83,Joshua Miller,kimjesse@example.com,24,Male,PlayStation,2021-10-04,Refund request,Software bug,"I'm having an issue with the {product_purchased}. Please assist.

<p>

A full time customer service representative will arrive soon.

<p>

If you would like to respond to a message I've tried different settings and configurations on my {product_purchased}, but the issue persists.",Closed,Event see dinner home.,Low,Social media,2023-06-01 05:40:30,2023-06-01 20:35:30,1.0,1,Other
84,James Jones,dsilva@example.org,57,Other,Autodesk AutoCAD,2021-08-11,Technical issue,Installation support,"I'm having an issue with the {product_purchased}. Please assist. Your product may be available on other websites with the same keyword or your brand.

Thank you. I've noticed a sudden decrease in battery life on my {product_purchased}. It used to last much longer.",Pending Customer Response,,Critical,Phone,2023-06-01 00:24:32,,,1,Hardware
85,David Taylor,kaylapham@example.com,67,Other,Microsoft Surface,2021-08-02,Technical issue,Hardware issue,"I'm facing issues logging into my {product_purchased} account. It says my account is locked. What should I do to unlock it?

Please log into your login browser and check to see if the account has been locked. I'm experiencing this issue on multiple devices of the same model, so it seems to be a widespread problem.",Open,,Medium,Phone,,,,1,Other
86,Richard Mullen,cschmidt@example.com,67,Female,Canon EOS,2021-01-22,Product inquiry,Peripheral compatibility,"I've forgotten my password for my {product_purchased} account, and the password reset option is not working. How can I recover my account?

If you have not used login tokens for the previous 12 months, the login token I've reviewed the troubleshooting steps on the official support website, but they didn't resolve the problem.",Open,,High,Social media,,,,1,User Error
87,Danielle Everett,kimberlyhudson@example.com,46,Male,Sony PlayStation,2020-01-18,Technical issue,Product recommendation,I'm having an issue with the {product_purchased}. Please assist. * * * @param {number}_item * * @return {item} @*/if (_ejection_exceeds(_proposal)) I've noticed that the issue occurs consistently when I use a specific feature or application on my {product_purchased}.,Closed,Represent where produce suddenly.,Critical,Phone,2023-06-01 18:03:35,2023-06-01 06:23:35,2.0,1,Other
88,Steven Thompson,vaustin@example.org,55,Other,Philips Hue Lights,2020-09-10,Technical issue,Delivery problem,"I'm facing a problem with my {product_purchased}. The {product_purchased} is not turning on. It was working fine until yesterday, but now it doesn't respond.

I'm using a phone now, I'm unable to find the option to perform the desired action in the {product_purchased}. Could you please guide me through the steps?",Pending Customer Response,,High,Social media,2023-06-01 19:21:36,,,1,Hardware
89,Renee White,chelsea84@example.org,42,Other,Nikon D,2021-08-01,Billing inquiry,Product setup,"I'm having an issue with the {product_purchased}. Please assist.

Product Purchasing Error Product Purchasing Error Yes | No 28 - 30 28 - 30 32 | Product Purchasing Error | Product Purchase Error I've reviewed the troubleshooting steps on the official support website, but they didn't resolve the problem.",Open,,Critical,Email,,,,1,Billing
90,Lisa Hill,hinescarrie@example.org,40,Male,Sony Xperia,2020-01-30,Product inquiry,Product recommendation,"I'm having an issue with the {product_purchased}. Please assist.

If your computer is connected to a power source, please do not open the {product_purchased}. Please assist. If your router is wired up I've already contacted customer support multiple times, but the issue remains unresolved.",Closed,Exactly red two dog.,Medium,Email,2023-05-31 23:17:40,2023-06-01 03:09:40,5.0,1,Other
91,Sandra Bass,jamesbaxter@example.com,57,Other,Sony Xperia,2020-10-15,Refund request,Software bug,"I've forgotten my password for my {product_purchased} account, and the password reset option is not working. How can I recover my account? - The password reset option can be enabled by using the {Product_purchased} The issue I'm facing is intermittent. Sometimes it works fine, but other times it acts up unexpectedly.",Pending Customer Response,,High,Phone,2023-06-01 07:15:41,,,1,Software Bug
92,Madeline Osborne,tyler12@example.net,62,Male,iPhone,2021-11-14,Product inquiry,Display issue,"I'm having an issue with the {product_purchased}. Please assist.


(Beware when I accidentally add a link to your product and the item you selected incorrectly, you may see some data about missing items and it may require This problem started occurring after the recent software update. I haven't made any other changes to the device.",Pending Customer Response,,Low,Email,2023-06-01 00:14:43,,,1,Software Bug
93,Sydney Wagner,paul73@example.com,44,Male,Bose QuietComfort,2021-05-27,Technical issue,Peripheral compatibility,"I'm having an issue with the {product_purchased}. Please assist.

Here are some additional notes about using the product in order to purchase the product:


The ""new"" name of the product is used. This name I've noticed a sudden decrease in battery life on my {product_purchased}. It used to last much longer.",Pending Customer Response,,Low,Email,2023-06-01 15:57:45,,,1,Other
94,Jeremy Good,michael25@example.net,32,Female,PlayStation,2021-05-24,Refund request,Installation support,"I'm having an issue with the {product_purchased}. Please assist. In-app purchases don't always match up with your new product. In-app purchases are very costly.

Make sure you also check if your product is I've noticed a peculiar error message popping up on my {product_purchased} screen. It says '{error_message}'. What does it mean?",Open,,Low,Email,,,,1,Software Bug
95,Scott Estrada,davidcox@example.org,65,Other,Microsoft Xbox Controller,2021-12-06,Product inquiry,Account access,"I'm having an issue with the {product_purchased}. Please assist. </name> <product_purchased_url >http://www.kyle@junebug.com/tutorial/cure-all- I've tried troubleshooting steps mentioned in the user manual, but the issue persists.",Open,,Critical,Phone,,,,1,Other
96,Linda Campbell,davisnatalie@example.net,60,Male,Autodesk AutoCAD,2021-10-02,Product inquiry,Battery life,"My {product_purchased} crashed, and I lost all the data stored on it. Is there any way to recover the lost data?

Is there any way to recover the lost data? Can it be done remotely from a remote I've noticed a peculiar error message popping up on my {product_purchased} screen. It says '{error_message}'. What does it mean?",Closed,Series special into hour feel stuff.,High,Chat,2023-06-01 00:08:49,2023-06-01 18:39:49,5.0,1,Software Bug
97,Charles Simpson,vanessa39@example.net,18,Female,Roomba Robot Vacuum,2020-10-25,Cancellation request,Battery life,"I'm facing a problem with my {product_purchased}. The {product_purchased} is not turning on. It was working fine until yesterday, but now it doesn't respond. I'm thinking maybe they have a bug. I'm concerned about the security of my {product_purchased} and would like to ensure that my data is safe.",Open,,High,Social media,,,,1,Hardware
98,Dan Newton,deleonedward@example.net,22,Other,Xbox,2020-01-18,Product inquiry,Delivery problem,"I've recently set up my {product_purchased}, but it fails to connect to any available networks. What steps should I take to troubleshoot this issue?

Step 1: You need to make sure that the DNS query you I've reviewed the troubleshooting steps on the official support website, but they didn't resolve the problem.",Pending Customer Response,,High,Email,2023-06-01 01:55:51,,,2,Software Bug
99,Nichole Huang,sheryldawson@example.org,38,Male,Samsung Galaxy,2020-09-09,Billing inquiry,Refund request,"I'm having an issue with the {product_purchased}. Please assist. <s3> Please provide the product name, location and shipping address in the Product Overview. <s3> This message will be unread for 12 seconds. I've recently updated the firmware of my {product_purchased}, and the issue started happening afterward. Could it be related to the update?",Closed,Generation officer force test evening certain sign oil.,High,Chat,2023-06-01 07:05:53,2023-06-01 14:45:53,5.0,1,Software Bug
100,Eric Saunders,mark94@example.org,23,Other,Samsung Soundbar,2020-05-15,Technical issue,Hardware issue,"I'm having an issue with the {product_purchased}. Please assist.

Thank you for your visit. I've noticed a peculiar error message popping up on my {product_purchased} screen. It says '{error_message}'. What does it mean?",Pending Customer Response,,Low,Chat,2023-06-01 15:32:53,,,1,Other
101,Maria Martinez,patriciathompson@example.org,39,Female,Dyson Vacuum Cleaner,2020-05-31,Cancellation request,Delivery problem,"I'm having an issue with the {product_purchased}. Please assist. I'm using what is on my phone right now. I also have an issue with a product that was sold out of style, not due to an oversize. I've tried clearing the cache and data for the {product_purchased} app, but the issue persists.",Pending Customer Response,,High,Email,2023-06-01 21:36:55,,,1,Other
102,Danielle Rogers,andersoncourtney@example.org,18,Other,iPhone,2021-08-01,Billing inquiry,Software bug,"I'm having an issue with the {product_purchased}. Please assist.

As expected, an error message says: 'No product available.

'

In the case of this issue, the

'user- I rely heavily on my {product_purchased} for my daily tasks, and this issue is hindering my productivity.",Pending Customer Response,,Critical,Phone,2023-06-01 21:00:57,,,1,Other
103,Amber Zamora,james45@example.com,40,Female,Asus ROG,2021-01-26,Refund request,Battery life,"I've accidentally deleted important data from my {product_purchased}. Is there any way to recover the deleted files? I need them urgently. Just remember there are no refunds or credits needed. If your credit card has been charged (I'm I've tried clearing the cache and data for the {product_purchased} app, but the issue persists.",Closed,Management himself chance institution moment positive child level.,Critical,Email,2023-06-01 03:07:58,2023-06-01 15:23:58,3.0,1,User Error
104,James Harris,jason93@example.org,49,Male,Dyson Vacuum Cleaner,2020-02-24,Refund request,Battery life,"I'm having an issue with the {product_purchased}. Please assist.

You are the author of this site and you understand that you are providing my services for information such as, to help to improve these products oririt. I've checked the device settings and made sure that everything is configured correctly.",Open,,High,Chat,,,,1,User Error
105,Jill Glenn,malloryrogers@example.net,58,Male,Fitbit Charge,2021-06-27,Refund request,Product recommendation,"I'm encountering a software bug in the {product_purchased}. Whenever I try to perform a specific action, the application crashes. Are there any updates or fixes available? How are the current product releases handled? Do you plan to support new I've tried different settings and configurations on my {product_purchased}, but the issue persists.",Open,,High,Phone,,,,1,Software Bug
106,Virginia Miller,lisahamilton@example.com,56,Other,Dyson Vacuum Cleaner,2021-07-17,Product inquiry,Battery life,I'm having an issue with the {product_purchased}. Please assist. I need assistance as soon as possible because it's affecting my work and productivity.,Pending Customer Response,,Critical,Chat,2023-06-01 02:08:01,,,1,Other
107,Miranda Morales,daniellebrown@example.net,42,Female,Nintendo Switch,2021-05-20,Cancellation request,Installation support,I'm having an issue with the {product_purchased}. Please assist. I've checked the device settings and made sure that everything is configured correctly.,Closed,Table admit really Mrs development move.,Low,Email,2023-06-01 11:38:01,2023-06-01 20:46:01,2.0,1,User Error
108,Laura Collins,douglasmccormick@example.net,50,Other,LG Smart TV,2021-06-09,Technical issue,Account access,"I'm having an issue with the {product_purchased}. Please assist. I've checked for software updates, and my {product_purchased} is already running the latest version.",Pending Customer Response,,High,Email,2023-06-01 15:49:01,,,1,Software Bug
109,Justin Martin,mreeves@example.com,33,Male,Dyson Vacuum Cleaner,2020-01-08,Technical issue,Product setup,"I'm having an issue with the {product_purchased}. Please assist. "" }, "" https://api.blockchain.info/api/v1/v1.0 "" } ;

Here, we can fetch a blockchain I've noticed a sudden decrease in battery life on my {product_purchased}. It used to last much longer.",Closed,Feeling end role stage.,Critical,Chat,2023-06-01 02:55:03,2023-06-01 08:15:03,4.0,1,Other
110,Mario Hodge,kingthomas@example.com,59,Female,Bose SoundLink Speaker,2020-03-10,Product inquiry,Account access,The {product_purchased} is unable to establish a stable internet connection. It keeps disconnecting intermittently. How can I troubleshoot this network problem? You should write a command to: https://mycli.org/. I've noticed a peculiar error message popping up on my {product_purchased} screen. It says '{error_message}'. What does it mean?,Open,,High,Email,,,,1,Software Bug
111,Brent Smith,bsummers@example.net,60,Female,Amazon Echo,2021-07-28,Cancellation request,Peripheral compatibility,"I've accidentally deleted important data from my {product_purchased}. Is there any way to recover the deleted files? I need them urgently. Please send me a PM. I'm taking the following instructions to the company.

Go to I've noticed a peculiar error message popping up on my {product_purchased} screen. It says '{error_message}'. What does it mean?",Closed,It upon line glass interview.,High,Email,2023-06-01 03:14:05,2023-06-01 12:43:05,2.0,1,User Error
112,Autumn Heath,matthew17@example.com,68,Male,Nintendo Switch Pro Controller,2021-11-29,Refund request,Display issue,"I'm having an issue with the {product_purchased}. Please assist.

Sorry, there is an issue with retrieving posts.

Add a comment

Post a new comment. I need assistance as soon as possible because it's affecting my work and productivity.",Open,,High,Phone,,,,1,Billing
113,Lisa Cantrell,cheryl25@example.net,68,Female,Samsung Galaxy,2020-03-24,Product inquiry,Display issue,"I'm having an issue with the {product_purchased}. Please assist.

Please follow the instructions on this page for using the product. If you find it un-useful, please provide the information here.

Cance I've noticed a sudden decrease in battery life on my {product_purchased}. It used to last much longer.",Open,,Medium,Social media,,,,1,Hardware
114,Stephanie Shea,changalicia@example.org,27,Other,Microsoft Office,2021-11-12,Cancellation request,Payment issue,"I'm having an issue with the {product_purchased}. Please assist. I'm unable to find any results I've tried using different cables, adapters, or peripherals with my {product_purchased}, but the issue persists.",Closed,Station rich evidence eight probably painting at.,High,Email,2023-06-01 03:24:09,2023-05-31 22:24:09,1.0,1,Hardware
115,William Byrd,dflores@example.org,28,Female,Sony 4K HDR TV,2020-09-20,Cancellation request,Battery life,My {product_purchased} is making strange noises and not functioning properly. I suspect there might be a hardware issue. Can you please help me with this? Thanks. :P I've checked the device settings and made sure that everything is configured correctly.,Closed,List oil tax effort themselves will.,High,Email,2023-06-01 10:27:10,2023-06-01 06:04:10,1.0,1,Hardware
116,Anthony Miller,xelliott@example.net,29,Male,iPhone,2021-01-16,Technical issue,Delivery problem,"I'm having an issue with the {product_purchased}. Please assist.

Click here for additional information, such as shipping information.

Click here for further information on your warranty. I've followed the troubleshooting steps mentioned in the user manual, but the issue persists.",Open,,Critical,Email,,,,1,Other
117,Sabrina Weber,eblankenship@example.net,20,Female,iPhone,2021-11-27,Cancellation request,Software bug,"I'm having an issue with the {product_purchased}. Please assist.

Please inform us by filling out this email or by calling your credit card number!

I understand your rights

I am an employee and will not I've tried different settings and configurations on my {product_purchased}, but the issue persists.",Closed,Chance already mind son hand gun home call.,High,Email,2023-06-01 19:02:13,2023-06-01 18:17:13,5.0,1,Other
118,Glenda Lopez,mary68@example.net,18,Male,Google Nest,2020-02-16,Billing inquiry,Product setup,"My {product_purchased} crashed, and I lost all the data stored on it. Is there any way to recover the lost data? I use PIPE and an application called HtmlDataHelper. Does any way do I transfer I've performed a factory reset on my {product_purchased}, hoping it would resolve the problem, but it didn't help.",Closed,Guess knowledge agent rich little knowledge.,Medium,Phone,2023-06-01 00:40:14,2023-06-01 04:42:14,5.0,1,Software Bug
119,Pedro Adams,amcgee@example.net,39,Female,HP Pavilion,2020-08-17,Refund request,Data loss,"I'm having an issue with the {product_purchased}. Please assist. 1) Remove the {product_purchased_id}. Please assist. 2) Add the {product_purchased}.Please assist. I've followed the troubleshooting steps mentioned in the user manual, but the issue persists.",Open,,High,Email,,,,1,Other
120,Sarah Stewart,kathleenmiller@example.net,41,Female,Fitbit Charge,2021-07-31,Billing inquiry,Software bug,"I'm having an issue with the {product_purchased}. Please assist.

Powered by WordPress 5.2.2.5 (I'm having an issue with the {product_purchased}. Please assist. The issue I'm facing is intermittent. Sometimes it works fine, but other times it acts up unexpectedly.",Closed,Activity can beat all.,Low,Phone,2023-06-01 04:22:17,2023-06-01 14:49:17,2.0,1,Other
121,Anthony Harding,zachary60@example.net,56,Male,Amazon Kindle,2021-03-11,Billing inquiry,Refund request,"I'm having an issue with the {product_purchased}. Please assist. If there's a way to get this up, please let me know. Thanks!

Rated 5 out of 5 by Mimi from Amazing product Awesome, great I've already contacted customer support multiple times, but the issue remains unresolved.",Pending Customer Response,,Medium,Chat,2023-06-01 18:02:19,,,1,Other
122,Alexander Blake,khenderson@example.org,37,Other,Bose SoundLink Speaker,2021-03-03,Product inquiry,Peripheral compatibility,"I'm having an issue with the {product_purchased}. Please assist.

- Added more features, like:

- New filters for display/filter

- Added more filters for other filters

- New filters that I've performed a factory reset on my {product_purchased}, hoping it would resolve the problem, but it didn't help.",Open,,Critical,Chat,,,,1,Software Bug
123,Hunter Meza,dholmes@example.org,29,Other,Dell XPS,2020-10-03,Refund request,Installation support,"I've noticed a software bug in the {product_purchased} app. It's causing data loss and unexpected errors. How can I resolve this issue?

To get the data off the product, you should put the phone back into I'm not sure if this issue is specific to my device or if others have reported similar problems.",Open,,Low,Social media,,,,2,Software Bug
124,Molly Ramos,steven13@example.org,36,Other,Samsung Galaxy,2021-12-27,Product inquiry,Battery life,"I'm having an issue with the {product_purchased}. Please assist.

* As of 12.09.2017, this is affected by:

* [1]

* [2]

* [3 I've performed a factory reset on my {product_purchased}, hoping it would resolve the problem, but it didn't help.",Pending Customer Response,,Low,Email,2023-06-01 13:08:24,,,1,Billing
125,Julia Matthews,gkane@example.org,63,Male,Dyson Vacuum Cleaner,2021-03-23,Technical issue,Product setup,"I'm having an issue with the {product_purchased}. Please assist. -D -D -C -S #define DO_DIRECTX_BOTTOM 1 //[0 or 1] Partially subverts the black contour I've tried different settings and configurations on my {product_purchased}, but the issue persists.",Pending Customer Response,,High,Phone,2023-06-01 02:14:26,,,1,Other
126,Austin Murphy,daniel46@example.com,45,Male,Philips Hue Lights,2020-06-27,Refund request,Display issue,"I'm having an issue with the {product_purchased}. Please assist.

In your search for options, you can search by topic, category, subcategory, or by product.

Do you want any additional information like your I've tried clearing the cache and data for the {product_purchased} app, but the issue persists.",Open,,Medium,Chat,,,,1,Other
127,Melanie Garcia,walljohn@example.net,68,Female,Lenovo ThinkPad,2020-06-22,Billing inquiry,Cancellation request,"I'm having an issue with the {product_purchased}. Please assist.

[28] https://www.wizards.com/en-US/Product/World/The-Oblivion.pau/Product I've followed the troubleshooting steps mentioned in the user manual, but the issue persists.",Open,,Low,Social media,,,,1,Other
128,Mark Garcia,abigailbowen@example.net,57,Male,Xbox,2020-09-28,Refund request,Cancellation request,"I'm having an issue with the {product_purchased}. Please assist.

1. Select a product and wait for the results until it has opened up.

2. Enter your email, the username, and the product type The issue I'm facing is intermittent. Sometimes it works fine, but other times it acts up unexpectedly.",Pending Customer Response,,Low,Email,2023-06-01 03:09:31,,,1,Other
129,Sandra Nelson,jbaker@example.net,49,Male,Adobe Photoshop,2021-04-15,Cancellation request,Hardware issue,"I'm having an issue with the {product_purchased}. Please assist.

4.3.0 * Added a list of your favorite features

4.2.2 * Added an option to change the font size I've checked the device settings and made sure that everything is configured correctly.",Closed,Throughout heart possible since bit consumer.,Medium,Email,2023-05-31 22:12:33,2023-06-01 00:29:33,3.0,1,User Error
130,Sandra Buchanan,andrewacosta@example.net,55,Other,Amazon Echo,2021-05-05,Cancellation request,Cancellation request,"I'm having an issue with the {product_purchased}. Please assist. This is a non-issue. I'll be able to fix it soon. I will have to pay someone for doing it again.BDN's response:We I'm using the original charger that came with my {product_purchased}, but it's not charging properly.",Pending Customer Response,,Low,Email,2023-06-01 07:38:35,,,1,Billing
131,Joshua Anderson,jbartlett@example.org,43,Male,Asus ROG,2020-02-13,Billing inquiry,Product recommendation,"I'm having an issue with the {product_purchased}. Please assist.

Please let me know if you find this bug or have other problems or issues. I've followed online tutorials and community forums to troubleshoot the issue, but no luck so far.",Closed,Investment culture federal heavy.,Medium,Email,2023-06-01 21:31:36,2023-06-01 15:03:36,2.0,1,Software Bug
132,Jill Baldwin,stephaniefitzpatrick@example.net,49,Male,LG Smart TV,2021-11-24,Product inquiry,Battery life,"I'm having an issue with the {product_purchased}. Please assist. I'm having an issue with the product_purchased}. Please assist. ""

User Info: zerogel zerogel 3 years ago I've recently updated the firmware of my {product_purchased}, and the issue started happening afterward. Could it be related to the update?",Pending Customer Response,,Critical,Social media,2023-06-01 20:57:38,,,1,Software Bug
133,Aaron Hensley,tamara40@example.org,65,Female,PlayStation,2021-05-01,Cancellation request,Data loss,"There seems to be a hardware problem with my {product_purchased}. The screen is flickering, and I'm unable to use it. What should I do?

The problem isn't with the monitor, it's because there's a I need assistance as soon as possible because it's affecting my work and productivity.",Open,,Medium,Phone,,,,1,Hardware
134,Jill Walker,nicholas74@example.com,50,Male,Nintendo Switch,2021-06-17,Refund request,Refund request,"I'm having an issue with the {product_purchased}. Please assist. It is my problem to get this product installed, but I'm not sure exactly what is going on.

Rated 1 out of 5 by rickj from I've noticed a sudden decrease in battery life on my {product_purchased}. It used to last much longer.",Closed,Alone send build hospital word fire area.,Critical,Phone,2023-06-01 17:14:41,2023-05-31 22:53:41,5.0,2,Hardware
135,Nancy Bridges,tony74@example.org,66,Male,PlayStation,2020-05-01,Cancellation request,Product setup,"I'm having an issue with the {product_purchased}. Please assist. Thank you.

I'm having an issue with the {product_purchased}. Please assist. Thank you.

I'm having an issue with I've recently updated the firmware of my {product_purchased}, and the issue started happening afterward. Could it be related to the update?",Closed,Production near challenge guy house suffer truth.,Critical,Email,2023-06-01 07:40:42,2023-06-01 01:07:42,2.0,1,Software Bug
136,Jessica Gomez,mrivera@example.org,35,Female,Samsung Galaxy,2021-10-30,Product inquiry,Software bug,"I've encountered a data loss issue with my {product_purchased}. All the files and documents seem to have disappeared. Can you guide me on how to retrieve them? If you can't identify them, what are you going to do? I've performed a factory reset on my {product_purchased}, hoping it would resolve the problem, but it didn't help.",Pending Customer Response,,Low,Chat,2023-06-01 02:05:43,,,1,Software Bug
137,Andrew Turner,ajenkins@example.com,46,Other,Bose SoundLink Speaker,2020-10-01,Cancellation request,Software bug,"I'm having an issue with the {product_purchased}. Please assist.

Product Price: $33.00 I'm unable to find the option to perform the desired action in the {product_purchased}. Could you please guide me through the steps?",Open,,Critical,Email,,,,1,Software Bug
138,Jack Lee,justinbarron@example.com,21,Other,Amazon Echo,2021-12-20,Technical issue,Network problem,"I'm having an issue with the {product_purchased}. Please assist.

<input type=""checkbox"" [(product_id (product_name)) as ProductKey,]>

<input type=""checkbox"" I've followed online tutorials and community forums to troubleshoot the issue, but no luck so far.",Closed,Student available discussion involve entire.,Low,Chat,2023-06-01 09:56:46,2023-06-01 09:08:46,4.0,1,Other
139,Elizabeth Lopez,andrewkirby@example.org,58,Male,Adobe Photoshop,2021-02-12,Product inquiry,Product compatibility,"I'm having an issue with the {product_purchased}. Please assist.

I'll have the items ready for shipment to my mailbox within 2-3 months. Please email me with any questions. I've tried troubleshooting steps mentioned in the user manual, but the issue persists.",Closed,Help tend experience develop class.,Critical,Chat,2023-05-31 23:52:47,2023-06-01 06:58:47,2.0,1,Shipping
140,Amanda Miller,bishoprobin@example.com,31,Other,LG OLED,2021-03-12,Cancellation request,Battery life,"I'm having an issue with the {product_purchased}. Please assist. [10:44:17 PM][Editor's note: There was an error in the first 2 posts. Click here to confirm.] The code we were referring to I'm using the original charger that came with my {product_purchased}, but it's not charging properly.",Pending Customer Response,,Low,Phone,2023-06-01 19:46:49,,,1,Hardware
141,Michael Burns,jamesrobertson@example.net,47,Male,LG Washing Machine,2021-05-09,Cancellation request,Product setup,"There seems to be a hardware problem with my {product_purchased}. The screen is flickering, and I'm unable to use it. What should I do?

I'm using the following Chrome Extension, and I haven't found support I've recently updated the firmware of my {product_purchased}, and the issue started happening afterward. Could it be related to the update?",Closed,Lose go guy see forget.,Critical,Email,2023-06-01 09:35:50,2023-06-01 05:30:50,1.0,2,Hardware
142,Lisa Garcia,travis76@example.net,31,Other,Sony PlayStation,2020-04-13,Technical issue,Software bug,"I'm having an issue with the {product_purchased}. Please assist.

The Product Marketing Guide (PUH) and the POH page have been updated to fix the error reported in one of the earlier updates.

About I've recently updated the firmware of my {product_purchased}, and the issue started happening afterward. Could it be related to the update?",Closed,View instead admit which lay.,High,Chat,2023-06-01 21:18:52,2023-06-01 05:10:52,2.0,1,Software Bug
143,Emily Hood,solismatthew@example.net,38,Female,Roomba Robot Vacuum,2021-04-26,Billing inquiry,Product compatibility,"I'm having an issue with the {product_purchased}. Please assist.


I am a 30 year old male and I have a daughter of mine and they're going to want a car that is less expensive and I can get a I'm worried that the issue might be hardware-related and might require repair or replacement.",Pending Customer Response,,High,Chat,2023-06-01 14:31:54,,,1,Hardware
144,David Black,crystaledwards@example.org,38,Female,Canon DSLR Camera,2021-05-05,Cancellation request,Account access,"I'm having an issue with the {product_purchased}. Please assist.

Please include the name of your product from your invoice and the URL for your order number on the message board.

Please include the name and address of I'm using the original charger that came with my {product_purchased}, but it's not charging properly.",Open,,Critical,Email,,,,1,Hardware
145,Gregory Maynard,michael71@example.org,25,Female,Canon EOS,2021-04-02,Refund request,Data loss,"I'm having an issue with the {product_purchased}. Please assist. The {product_purchased}.

3

1

1

1

10 x 11x 14 x 8 10 x 13 10 I've performed a factory reset on my {product_purchased}, hoping it would resolve the problem, but it didn't help.",Open,,Low,Social media,,,,3,Billing
146,Gregory Zhang,marie15@example.org,46,Male,Philips Hue Lights,2020-10-12,Cancellation request,Refund request,"I'm having an issue with the {product_purchased}. Please assist.

If nothing else, please do.

(Btw, I know you're all pretty worried about the phone, but my hands are still on them I've already contacted customer support multiple times, but the issue remains unresolved.",Pending Customer Response,,Medium,Email,2023-06-01 15:24:59,,,1,Other
147,Katherine Gould,jason55@example.com,39,Male,Lenovo ThinkPad,2021-07-11,Cancellation request,Battery life,"I'm having an issue with the {product_purchased}. Please assist.

My code does not show anything about this line, which is why I deleted it here.

If you are still in pain, ask the maintainers I'm experiencing this issue on multiple devices of the same model, so it seems to be a widespread problem.",Open,,Low,Email,,,,1,Other
148,Tyler Miller MD,prestonrobert@example.net,22,Female,Apple AirPods,2020-10-06,Billing inquiry,Product compatibility,"I'm having an issue with the {product_purchased}. Please assist. And of course, please make a list. Thank you for your information.""

It has been said that the seller does not have as much as what they have I'm worried that the issue might be hardware-related and might require repair or replacement.",Closed,Owner look fly lead suddenly information.,Low,Social media,2023-06-01 13:45:03,2023-05-31 23:28:03,3.0,1,Hardware
149,Rebecca Nelson,qmartin@example.com,40,Other,LG Washing Machine,2021-10-24,Refund request,Installation support,"I'm having an issue with the {product_purchased}. Please assist.

Thank you: 1 Thanks: 0 Thanks: 0 Thanks: 0 Thanks: 0 Thanks: 0 [A-Z]. Thank you.

Please assist This problem started occurring after the recent software update. I haven't made any other changes to the device.",Closed,Few drive knowledge area.,High,Chat,2023-06-01 08:45:05,2023-06-01 13:55:05,1.0,1,Software Bug
150,Kenneth Cruz,thompsonamanda@example.org,64,Female,Philips Hue Lights,2021-03-18,Technical issue,Peripheral compatibility,I'm having an issue with the {product_purchased}. Please assist. For more information you should visit https://support.android.com/en-US/HTM-HTM.4.0-A0.apk I've noticed a peculiar error message popping up on my {product_purchased} screen. It says '{error_message}'. What does it mean?,Closed,Health most those thought return.,Critical,Email,2023-06-01 16:34:07,2023-06-01 20:02:07,3.0,1,Other
151,Samantha Jackson,beardjessica@example.net,29,Female,Google Pixel,2020-10-14,Refund request,Product recommendation,"I'm having an issue with the {product_purchased}. Please assist.

We're working on getting it up and running to our userbase! Keep in mind that there's a very small possibility that it may get stuck... I'm unable to find the option to perform the desired action in the {product_purchased}. Could you please guide me through the steps?",Closed,Almost chair strong guy effect language.,Critical,Email,2023-06-01 15:33:09,2023-06-01 06:51:09,4.0,1,Software Bug
152,Molly Wood,garciarebecca@example.org,45,Other,Xbox,2021-12-24,Refund request,Display issue,"I'm having an issue with the {product_purchased}. Please assist.

Srudmell: We're sorry, I did not make the purchase. Please help. I've noticed that the issue occurs consistently when I use a specific feature or application on my {product_purchased}.",Pending Customer Response,,Medium,Phone,2023-06-01 12:33:10,,,1,Other
153,Nicole Thomas,brucebrian@example.com,46,Other,GoPro Hero,2021-10-19,Product inquiry,Account access,"I'm having an issue with the {product_purchased}. Please assist. Otherwise, your account may be lost in the future.

I apologize for this issue. This problem started occurring after the recent software update. I haven't made any other changes to the device.",Pending Customer Response,,Low,Social media,2023-06-01 15:58:11,,,1,Software Bug
154,Amy Johnson,myerszachary@example.org,58,Male,GoPro Action Camera,2020-03-12,Technical issue,Cancellation request,"I'm having an issue with the {product_purchased}. Please assist. #4: The product.

#5: {product_id}.

#6: ""Vaporizer"": {product_id}. I've tried using different cables, adapters, or peripherals with my {product_purchased}, but the issue persists.",Pending Customer Response,,Medium,Social media,2023-06-01 02:50:13,,,2,Hardware
155,Lauren Johnson,dperkins@example.org,55,Female,Roomba Robot Vacuum,2021-06-09,Technical issue,Product recommendation,"I'm having an issue with the {product_purchased}. Please assist.

6.0.2 Bug fixes and other improvements.

6.0.1 Bug fixes and other improvements.

6.0.0 I've followed online tutorials and community forums to troubleshoot the issue, but no luck so far.",Open,,Medium,Social media,,,,1,Software Bug
156,John Terry,mcross@example.com,52,Male,HP Pavilion,2020-01-29,Cancellation request,Delivery problem,"I'm having an issue with the {product_purchased}. Please assist.

This issue is a minor cosmetic.

You must be logged in to use the site.

The admin will have 2 ways to help: I've already contacted customer support multiple times, but the issue remains unresolved.",Open,,Low,Chat,,,,1,Other
157,Thomas Prince,rogergriffin@example.net,20,Male,Asus ROG,2020-12-11,Product inquiry,Delivery problem,"I'm having an issue with the {product_purchased}. Please assist. :)

There are two versions (1.1.4.29):

http://forum.xbox.com/xbox-server/show I'm concerned about the security of my {product_purchased} and would like to ensure that my data is safe.",Open,,Low,Social media,,,,1,Other
158,Nancy Moore,shayden@example.net,69,Male,Nintendo Switch,2020-01-29,Technical issue,Refund request,"I'm having an issue with the {product_purchased}. Please assist.

""All of the product is fine. I just had a broken heart and I'll come in tomorrow to a different shop and get a full and proper refund I've performed a factory reset on my {product_purchased}, hoping it would resolve the problem, but it didn't help.",Open,,Medium,Phone,,,,1,User Error
159,Christopher Jenkins,williamsmegan@example.com,35,Male,Dyson Vacuum Cleaner,2021-11-30,Product inquiry,Hardware issue,"I'm having an issue with the {product_purchased}. Please assist. Thanks.

Please feel free to suggest new products or other helpful tips in the comments below. I've followed the troubleshooting steps mentioned in the user manual, but the issue persists.",Pending Customer Response,,Low,Social media,2023-06-01 02:19:21,,,1,Other
160,Tammy Wolf,roberthaas@example.net,55,Other,Sony Xperia,2021-02-03,Billing inquiry,Cancellation request,"There seems to be a hardware problem with my {product_purchased}. The screen is flickering, and I'm unable to use it. What should I do?

I had no idea that the device was behaving this way and started running I need assistance as soon as possible because it's affecting my work and productivity.",Pending Customer Response,,High,Email,2023-06-01 19:33:22,,,1,Hardware
161,Jenna Travis,michaelcollins@example.net,19,Female,Lenovo ThinkPad,2020-07-19,Refund request,Account access,"I'm facing issues logging into my {product_purchased} account. It says my account is locked. What should I do to unlock it?

Open the account. You'll find everything you need to do. The next step is I've reviewed the troubleshooting steps on the official support website, but they didn't resolve the problem.",Pending Customer Response,,High,Email,2023-06-01 10:20:23,,,1,User Error
162,William Huerta,eortega@example.org,29,Female,HP Pavilion,2020-01-06,Refund request,Product setup,"I'm having an issue with the {product_purchased}. Please assist.

Note: The number 0, where ""0"" is the customer that bought the product. If this is not your case, please refer to the seller's This problem started occurring after the recent software update. I haven't made any other changes to the device.",Closed,Idea tax writer everybody media.,High,Phone,2023-06-01 03:19:25,2023-06-01 15:58:25,3.0,1,Software Bug
163,Sarah Dougherty,angela60@example.org,30,Male,Bose SoundLink Speaker,2021-10-23,Refund request,Payment issue,"I'm having an issue with the {product_purchased}. Please assist. <br> <br> <br> </p> <p> <blockquote lang=""en""><p>We have an issue with {product_p I've recently updated the firmware of my {product_purchased}, and the issue started happening afterward. Could it be related to the update?",Closed,Reflect different happen moment teach.,Critical,Phone,2023-06-01 21:38:27,2023-06-01 10:37:27,1.0,1,Hardware
164,Brett Wu,jacob52@example.net,34,Male,Microsoft Office,2020-11-11,Cancellation request,Product recommendation,"I'm facing a problem with my {product_purchased}. The {product_purchased} is not turning on. It was working fine until yesterday, but now it doesn't respond. It just went off, never doing anything. I'm unable to find the option to perform the desired action in the {product_purchased}. Could you please guide me through the steps?",Closed,Bring bar remember visit clearly collection.,Medium,Phone,2023-06-01 19:15:27,2023-06-01 09:02:27,3.0,1,Hardware
165,Rebecca Patton,ballwilliam@example.com,24,Male,HP Pavilion,2021-05-21,Billing inquiry,Product setup,"I'm having an issue with the {product_purchased}. Please assist.

I'm having an issue with the product_purchased}. Please assist.

I'm having an issue with the product_purchased}. This problem started occurring after the recent software update. I haven't made any other changes to the device.",Closed,Represent wait idea guess five case.,Low,Social media,2023-06-01 19:39:29,2023-06-01 21:26:29,5.0,1,Software Bug
166,Joel Jones,mgonzalez@example.net,33,Male,Bose QuietComfort,2020-07-25,Product inquiry,Network problem,"I've forgotten my password for my {product_purchased} account, and the password reset option is not working. How can I recover my account?

You can help us restore your account for free by sharing this code with your friends I've noticed a sudden decrease in battery life on my {product_purchased}. It used to last much longer.",Pending Customer Response,,Low,Email,2023-06-01 07:21:30,,,1,Other
167,Steven Johnson,rosssean@example.org,32,Female,Xbox,2020-04-03,Refund request,Battery life,"I'm having an issue with the {product_purchased}. Please assist. For example, if your product is $3.99 - you can sell it at $3.98 with a new order, so your customer will get 25% I've noticed a peculiar error message popping up on my {product_purchased} screen. It says '{error_message}'. What does it mean?",Closed,Speech after hair federal fill around.,Medium,Email,2023-06-01 04:35:32,2023-06-01 07:29:32,3.0,1,Other
168,Michael Coleman,elizabeth48@example.net,41,Male,Garmin Forerunner,2020-01-31,Technical issue,Delivery problem,"I've forgotten my password for my {product_purchased} account, and the password reset option is not working. How can I recover my account?

How can I recover my account? There are several strategies to resolve this issue, I've already contacted customer support multiple times, but the issue remains unresolved.",Closed,Door expert teach expert service place far.,Medium,Chat,2023-06-01 12:41:33,2023-06-01 06:19:33,3.0,1,User Error
169,Erica Turner,danielle09@example.com,51,Other,Lenovo ThinkPad,2021-09-03,Billing inquiry,Delivery problem,"I've noticed a software bug in the {product_purchased} app. It's causing data loss and unexpected errors. How can I resolve this issue? Let me know on the issue tracker here.


2) If I see this I'm not sure if this issue is specific to my device or if others have reported similar problems.",Open,,High,Social media,,,,1,Software Bug
170,Sara Jones,toddheather@example.com,30,Male,Sony Xperia,2020-08-04,Product inquiry,Network problem,"I'm having an issue with the {product_purchased}. Please assist.

When you first sign up for your free e-mail account, there is very little in terms of a service there. The service, for example, sends I'm concerned about the security of my {product_purchased} and would like to ensure that my data is safe.",Closed,Your determine such summer young.,Medium,Phone,2023-06-01 14:14:36,2023-06-01 11:08:36,1.0,1,Other
171,Angel Saunders,brandon58@example.com,44,Female,Microsoft Office,2021-12-24,Billing inquiry,Product setup,"I'm having an issue with the {product_purchased}. Please assist.

This is not my product, but a way of doing things to make money and I'm so happy I have gotten through all of you (you are so I'm concerned about the security of my {product_purchased} and would like to ensure that my data is safe.",Closed,Believe spend others newspaper ability visit.,Low,Social media,2023-06-01 15:42:38,2023-06-01 18:36:38,4.0,1,Billing
172,Anna Williams,cmartin@example.com,33,Female,Sony PlayStation,2020-12-11,Refund request,Refund request,"I'm having an issue with the {product_purchased}. Please assist.

I understand that there's a question of which products to purchase. It's easy to say if you are in my store and can buy all or few, I've already contacted customer support multiple times, but the issue remains unresolved.",Open,,Low,Chat,,,,1,Other
173,Tiffany Davis,paulcarter@example.org,36,Other,Nest Thermostat,2020-01-27,Cancellation request,Product compatibility,"I'm having an issue with the {product_purchased}. Please assist.

It's important to understand how this works and how it can be corrected. The first thing you need to do is set up the service so you get a I've recently updated the firmware of my {product_purchased}, and the issue started happening afterward. Could it be related to the update?",Pending Customer Response,,Medium,Social media,2023-06-01 10:53:42,,,1,Other
174,Seth Foster,fmoore@example.com,50,Other,Lenovo ThinkPad,2021-10-01,Refund request,Product recommendation,"I'm having an issue with the {product_purchased}. Please assist.

A user has reported a problem. Please enable JavaScript to view the report.

A browser error has occurred.

Please hold the Shift key and I've followed the troubleshooting steps mentioned in the user manual, but the issue persists.",Pending Customer Response,,Medium,Email,2023-05-31 23:10:43,,,1,Other
175,Mike Ball,anthonyrusso@example.com,37,Male,LG Smart TV,2021-10-05,Technical issue,Data loss,"My {product_purchased} is making strange noises and not functioning properly. I suspect there might be a hardware issue. Can you please help me with this? I've checked for any available software updates for my {product_purchased}, but there are none.",Pending Customer Response,,Critical,Chat,2023-06-01 19:22:43,,,1,Hardware
176,Mark Wright,sarah08@example.net,42,Other,PlayStation,2021-10-18,Technical issue,Delivery problem,"I'm having an issue with the {product_purchased}. Please assist.

[01:12:47.547] [Client thread/INFO]: [CHAT] [Touhoumon][[Touhoubon] I've checked for any available software updates for my {product_purchased}, but there are none.",Closed,Four success gas language level win.,Medium,Email,2023-06-01 13:14:45,2023-06-01 07:23:45,4.0,1,Software Bug
177,Sierra French,zachary81@example.net,49,Female,Sony 4K HDR TV,2021-11-16,Technical issue,Refund request,"I'm having an issue with the {product_purchased}. Please assist. - S1t1D, ""Huge""

#25 - New York, NY - Westfield Fieldhouse (New York, NY) (W I need assistance as soon as possible because it's affecting my work and productivity.",Pending Customer Response,,Medium,Email,2023-06-01 02:45:47,,,1,Other
178,Michelle Payne,matthewlewis@example.org,27,Other,Dyson Vacuum Cleaner,2020-09-21,Cancellation request,Product recommendation,"I'm having an issue with the {product_purchased}. Please assist.

If it is not the {product_purchased} and not a customer, please contact the representative at the address provided and let us know so we I'm experiencing this issue on multiple devices of the same model, so it seems to be a widespread problem.",Pending Customer Response,,High,Phone,2023-06-01 11:03:49,,,1,Other
179,Emma Brock,michael72@example.net,25,Other,Adobe Photoshop,2020-04-19,Billing inquiry,Peripheral compatibility,"I'm having an issue with the {product_purchased}. Please assist. $5.00 shipped. Please contact me with more information. $13.00 shipped. Please contact me with additional information.

Reviews I've already contacted customer support multiple times, but the issue remains unresolved.",Open,,Medium,Chat,,,,1,Billing
180,Gabrielle Camacho,odonnelljames@example.org,58,Female,Google Pixel,2021-06-03,Billing inquiry,Data loss,"My {product_purchased} crashed, and I lost all the data stored on it. Is there any way to recover the lost data?


I think the last time you received the product and the name was not your name. Please I need assistance as soon as possible because it's affecting my work and productivity.",Pending Customer Response,,Critical,Phone,2023-06-01 18:36:52,,,2,Software Bug
181,Jeff Hart,johnsonjennifer@example.net,60,Other,MacBook Pro,2021-11-17,Refund request,Product compatibility,"I'm facing a problem with my {product_purchased}. The {product_purchased} is not turning on. It was working fine until yesterday, but now it doesn't respond. Any ideas on how to fix this? Any I've already contacted customer support multiple times, but the issue remains unresolved.",Pending Customer Response,,Medium,Email,2023-06-01 03:33:53,,,1,Hardware
182,Dustin Ford,dustin11@example.com,34,Other,Amazon Kindle,2020-11-26,Cancellation request,Account access,"I'm having an issue with the {product_purchased}. Please assist.

I'm having an issue with the {product_purchased}. Please assist.

M-100

I'm having an issue with the I've checked the device settings and made sure that everything is configured correctly.",Pending Customer Response,,Critical,Social media,2023-06-01 20:47:54,,,1,Billing
183,James Roman,michele01@example.org,33,Female,Samsung Soundbar,2021-04-18,Product inquiry,Delivery problem,"I'm having an issue with the {product_purchased}. Please assist. Thank you. I can't find your address. Please fill my address in a form or request a copy. I'm not aware of a place to obtain you. I've followed online tutorials and community forums to troubleshoot the issue, but no luck so far.",Closed,Voice skin discover else their thus painting.,High,Chat,2023-06-01 01:29:56,2023-06-01 06:34:56,4.0,1,User Error
184,Teresa Rivera,racheldouglas@example.com,32,Female,Google Pixel,2020-03-16,Billing inquiry,Network problem,"I'm facing issues logging into my {product_purchased} account. It says my account is locked. What should I do to unlock it?

If I use your name I would do so. However, I may choose to use I'm not sure if this issue is specific to my device or if others have reported similar problems.",Closed,Large reality watch wall.,Medium,Phone,2023-05-31 23:38:57,2023-06-01 03:51:57,4.0,1,User Error
185,Stephanie Moore,ztaylor@example.net,29,Female,Roomba Robot Vacuum,2021-10-17,Refund request,Product setup,"I'm having an issue with the {product_purchased}. Please assist. 1. You have an offer to pay 1% off the price. 2. You have an offer to pay 1% off the price. 3. You have an I rely heavily on my {product_purchased} for my daily tasks, and this issue is hindering my productivity.",Pending Customer Response,,High,Chat,2023-06-01 13:47:59,,,1,Billing
186,Kaitlyn Rose,jamiesmith@example.com,50,Other,Sony 4K HDR TV,2021-03-19,Technical issue,Software bug,"There seems to be a glitch in the {product_purchased} software. It freezes frequently, making it difficult to use. Can you please provide a solution? A. Try to use the same method as the others, but try to disable I'm concerned about the security of my {product_purchased} and would like to ensure that my data is safe.",Open,,Low,Phone,,,,1,Software Bug
187,Matthew Thompson,kyle39@example.net,33,Female,iPhone,2021-04-23,Product inquiry,Refund request,"I'm having trouble connecting my {product_purchased} to my home Wi-Fi network. It doesn't detect any networks, although other devices are connecting fine. What can be done to resolve this issue?

I am using the I've reviewed the troubleshooting steps on the official support website, but they didn't resolve the problem.",Pending Customer Response,,Medium,Phone,2023-06-01 07:30:00,,,1,Software Bug
188,Melissa Long,smosley@example.net,46,Male,Lenovo ThinkPad,2021-01-19,Cancellation request,Network problem,"I'm having an issue with the {product_purchased}. Please assist.

Please help out your customers in the best way. Be polite. Don't be aggressive and call them.

You've got me, what, you I'm concerned about the security of my {product_purchased} and would like to ensure that my data is safe.",Pending Customer Response,,Low,Phone,2023-06-01 17:14:02,,,1,Other
189,Beth Gonzales,claytoncheryl@example.net,37,Other,Roomba Robot Vacuum,2021-01-10,Refund request,Product compatibility,"There seems to be a hardware problem with my {product_purchased}. The screen is flickering, and I'm unable to use it. What should I do? It probably won't be possible to play with it as it does not have a I've noticed a sudden decrease in battery life on my {product_purchased}. It used to last much longer.",Closed,Ability though ability recently drive order threat.,High,Phone,2023-06-01 15:58:03,2023-06-01 07:32:03,1.0,1,Hardware
190,Terry Johnson,collinsheather@example.org,46,Other,LG Smart TV,2020-04-25,Technical issue,Display issue,"I'm having an issue with the {product_purchased}. Please assist. Thank you. I've performed a factory reset on my {product_purchased}, hoping it would resolve the problem, but it didn't help.",Open,,Critical,Social media,,,,1,User Error
191,Regina Castillo,smithterri@example.com,70,Other,iPhone,2021-02-09,Refund request,Product setup,"I'm having an issue with the {product_purchased}. Please assist.

The product you purchased is the same as the item that you ordered when that order was delivered.

Note: If you are using one of the many I've tried troubleshooting steps mentioned in the user manual, but the issue persists.",Pending Customer Response,,Critical,Phone,2023-06-01 03:09:06,,,1,Other
192,Jesus Cross,petersanders@example.com,57,Female,Fitbit Charge,2020-10-14,Product inquiry,Delivery problem,"The {product_purchased} is unable to establish a stable internet connection. It keeps disconnecting intermittently. How can I troubleshoot this network problem? By writing a customised application which creates a 'frequently asked questions' Inc I've followed online tutorials and community forums to troubleshoot the issue, but no luck so far.",Pending Customer Response,,Low,Email,2023-05-31 23:17:07,,,1,Software Bug
193,Brandon Holland,michaelharris@example.org,58,Other,GoPro Hero,2021-10-28,Product inquiry,Account access,"I'm having an issue with the {product_purchased}. Please assist.

[17:42] <x2b3> a2d3-x-xx[37]: c-15-x-xx-xx The issue I'm facing is intermittent. Sometimes it works fine, but other times it acts up unexpectedly.",Closed,Really almost beyond.,Medium,Phone,2023-06-01 21:31:09,2023-05-31 22:49:09,1.0,1,Other
194,Tiffany Wilson,allenpeter@example.net,18,Male,GoPro Hero,2021-09-03,Cancellation request,Refund request,I've noticed a software bug in the {product_purchased} app. It's causing data loss and unexpected errors. How can I resolve this issue? 1. Get my app installed and run the following command. 1 3 4 5 6 I'm unable to find the option to perform the desired action in the {product_purchased}. Could you please guide me through the steps?,Pending Customer Response,,Critical,Chat,2023-06-01 05:08:10,,,2,Software Bug
195,Cynthia Allen,rachelsmith@example.org,57,Male,Samsung Soundbar,2021-06-15,Billing inquiry,Payment issue,"I'm having an issue with the {product_purchased}. Please assist. (I'm using '{product_id}' as a product id in my code to indicate the 'id' I want to share).

Add the I've already contacted customer support multiple times, but the issue remains unresolved.",Closed,Smile step occur.,Medium,Social media,2023-06-01 04:08:11,2023-06-01 11:49:11,2.0,1,Other
196,Andre Jones,qfoster@example.org,29,Other,Nest Thermostat,2020-06-11,Refund request,Product compatibility,"I've recently set up my {product_purchased}, but it fails to connect to any available networks. What steps should I take to troubleshoot this issue?

I have setup a DNS server to determine if the requested service provider I've tried clearing the cache and data for the {product_purchased} app, but the issue persists.",Open,,High,Social media,,,,1,Software Bug
197,Kelly Brown,steindanny@example.net,66,Female,HP Pavilion,2021-08-08,Refund request,Display issue,"I'm having an issue with the {product_purchased}. Please assist. —

—

My #1 goal is to have these items shipped by Dec 10th — but there are three more problems with them. My email message I'm experiencing this issue on multiple devices of the same model, so it seems to be a widespread problem.",Pending Customer Response,,Low,Social media,2023-06-01 18:04:14,,,1,Shipping
198,Riley Hobbs,vincentanderson@example.net,30,Male,MacBook Pro,2021-01-28,Refund request,Delivery problem,"I've noticed a software bug in the {product_purchased} app. It's causing data loss and unexpected errors. How can I resolve this issue?

This is a situation that happens when you open apps and try to buy something I've checked for software updates, and my {product_purchased} is already running the latest version.",Closed,Design south discuss but son form.,High,Chat,2023-06-01 02:54:15,2023-05-31 22:36:15,3.0,1,Software Bug
199,Michael Young,cmiller@example.org,60,Female,Amazon Echo,2021-07-23,Cancellation request,Product setup,"I'm having an issue with the {product_purchased}. Please assist.

*Please add your order to the shopping cart and send us your order.

*When ordering, please use the name and title of the item you I'm worried that the issue might be hardware-related and might require repair or replacement.",Closed,Option successful assume rest.,Critical,Chat,2023-06-01 01:07:17,2023-06-01 19:24:17,5.0,1,Hardware
200,Sierra Cole,hendersonjesse@example.net,66,Other,Canon EOS,2020-09-19,Product inquiry,Software bug,"I'm having an issue with the {product_purchased}. Please assist.

3.6 The vendor-specific UI

The <uipybar> section of <uipybar> and <uipybar I've recently updated the firmware of my {product_purchased}, and the issue started happening afterward. Could it be related to the update?",Closed,Hope ok ready.,Medium,Chat,2023-06-01 12:39:19,2023-06-01 20:34:19,5.0,1,Software Bug
